<botcomponent_workflowset>
  <botcomponent_workflow botcomponentid.schemaname="crda6_eastmanPilotTest.topic.ProjectEstimateFormPowerappCopy" workflowid.workflowid="9caf856a-c5f5-ee11-a1fd-6045bdd90cbd">
    <iscustomizable>1</iscustomizable>
  </botcomponent_workflow>
  <botcomponent_workflow botcomponentid.schemaname="crda6_eastmanPilotTest.topic.ProjectEstimateFormUnified" workflowid.workflowid="9caf856a-c5f5-ee11-a1fd-6045bdd90cbd">
    <iscustomizable>1</iscustomizable>
  </botcomponent_workflow>
  <botcomponent_workflow botcomponentid.schemaname="crda6_eastmanPilotTest.topic.Search" workflowid.workflowid="dd43ca35-6cda-ee11-904c-6045bdd921f1">
    <iscustomizable>1</iscustomizable>
  </botcomponent_workflow>
  <botcomponent_workflow botcomponentid.schemaname="crda6_eastmanPilotTest.topic.Sendemailfromgenerativeanswerresponse" workflowid.workflowid="dd43ca35-6cda-ee11-904c-6045bdd921f1">
    <iscustomizable>1</iscustomizable>
  </botcomponent_workflow>
  <botcomponent_workflow botcomponentid.schemaname="crda6_eastmanPilotTest.topic.Untitled1_iEc" workflowid.workflowid="9caf856a-c5f5-ee11-a1fd-6045bdd90cbd">
    <iscustomizable>1</iscustomizable>
  </botcomponent_workflow>
</botcomponent_workflowset>