{
  "properties": {
    "connectionReferences": {
      "shared_office365": {
        "runtimeSource": "embedded",
        "connection": {
          "connectionReferenceLogicalName": "crda6_sharedoffice365_bda38"
        },
        "api": {
          "name": "shared_office365"
        }
      }
    },
    "definition": {
      "$schema": "https://schema.management.azure.com/providers/Microsoft.Logic/schemas/2016-06-01/workflowdefinition.json#",
      "contentVersion": "1.0.0.0",
      "parameters": {
        "$connections": {
          "defaultValue": {},
          "type": "Object"
        },
        "$authentication": {
          "defaultValue": {},
          "type": "SecureObject"
        }
      },
      "triggers": {
        "manual": {
          "metadata": {
            "operationMetadataId": "83fcad07-c6f7-458c-832d-fa0b5a55badc"
          },
          "type": "Request",
          "kind": "VirtualAgent",
          "inputs": {
            "schema": {
              "type": "object",
              "properties": {
                "text": {
                  "description": "Please enter your input",
                  "title": "UsersQuestion",
                  "type": "string",
                  "x-ms-content-hint": "TEXT",
                  "x-ms-dynamically-added": true
                },
                "text_1": {
                  "description": "Please enter your input",
                  "title": "AiAnswer",
                  "type": "string",
                  "x-ms-content-hint": "TEXT",
                  "x-ms-dynamically-added": true
                },
                "text_2": {
                  "description": "Please enter your input",
                  "title": "UserEmail",
                  "type": "string",
                  "x-ms-content-hint": "TEXT",
                  "x-ms-dynamically-added": true
                },
                "text_3": {
                  "description": "Please enter your input",
                  "title": "UserFirstName",
                  "type": "string",
                  "x-ms-content-hint": "TEXT",
                  "x-ms-dynamically-added": true
                },
                "text_4": {
                  "description": "Please enter your input",
                  "title": "UserLastName",
                  "type": "string",
                  "x-ms-content-hint": "TEXT",
                  "x-ms-dynamically-added": true
                }
              },
              "required": [
                "text",
                "text_1",
                "text_2",
                "text_3",
                "text_4"
              ]
            }
          }
        }
      },
      "actions": {
        "Return_value(s)_to_Power_Virtual_Agents": {
          "runAfter": {
            "Condition": [
              "Succeeded"
            ]
          },
          "metadata": {
            "operationMetadataId": "01c570cc-af8f-42e8-a28d-920fd92842fe"
          },
          "type": "Response",
          "kind": "VirtualAgent",
          "inputs": {
            "statusCode": 200,
            "body": {
              "emailsent": "@variables('EMailSent')"
            },
            "schema": {
              "type": "object",
              "properties": {
                "emailsent": {
                  "title": "EMailSent",
                  "x-ms-dynamically-added": true,
                  "type": "string"
                }
              }
            }
          }
        },
        "Send_an_email_(V2)": {
          "runAfter": {
            "Initialize_variable": [
              "Succeeded"
            ]
          },
          "metadata": {
            "operationMetadataId": "2bd5bcc5-8425-4b31-aa9e-38eec9cba4c3"
          },
          "type": "OpenApiConnection",
          "inputs": {
            "host": {
              "connectionName": "shared_office365",
              "operationId": "SendEmailV2",
              "apiId": "/providers/Microsoft.PowerApps/apis/shared_office365"
            },
            "parameters": {
              "emailMessage/To": "xc09731@emn.com",
              "emailMessage/Subject": "Question Clarification ",
              "emailMessage/Body": "<p>Good day,</p><p>We need some clarification on the below question.</p><br><p><b><strong>Question From:</strong></b> @{triggerBody()?['text_3']} @{triggerBody()?['text_4']}</p><br><p><b><strong>User's Question: </strong></b>@{triggerBody()?['text']}</p><br><p><b><strong>Bot Response: </strong></b>@{triggerBody()?['text_1']}</p><br><p><b><strong>User's Email:</strong></b> @{triggerBody()?['text_2']}</p><br><p>Please verify that the response is correct. If the response is wrong, could you please clarify.</p><br><p>Thank you,</p><p>PACE</p><br><br>",
              "emailMessage/Cc": "@triggerBody()?['text_2']",
              "emailMessage/Importance": "Normal"
            },
            "authentication": "@parameters('$authentication')"
          }
        },
        "Condition": {
          "actions": {
            "Set_variable": {
              "runAfter": {},
              "metadata": {
                "operationMetadataId": "886832d9-092d-49ad-bc5e-fed242826749"
              },
              "type": "SetVariable",
              "inputs": {
                "name": "EMailSent",
                "value": "yes"
              }
            }
          },
          "runAfter": {
            "Parse_JSON": [
              "Succeeded"
            ]
          },
          "else": {
            "actions": {
              "Set_variable_1": {
                "runAfter": {},
                "metadata": {
                  "operationMetadataId": "dccf0af1-5886-4bd9-be78-1db89bf7ec06"
                },
                "type": "SetVariable",
                "inputs": {
                  "name": "EMailSent",
                  "value": "false"
                }
              }
            }
          },
          "expression": {
            "and": [
              {
                "equals": [
                  "@body('Parse_JSON')?['statusCode']",
                  200
                ]
              }
            ]
          },
          "metadata": {
            "operationMetadataId": "1bf76c4f-3a1a-4180-acf6-66c8824c5c91"
          },
          "type": "If"
        },
        "Parse_JSON": {
          "runAfter": {
            "Send_an_email_(V2)": [
              "Succeeded"
            ]
          },
          "metadata": {
            "operationMetadataId": "7963d6ee-75b9-40fe-9138-d378d3cad819"
          },
          "type": "ParseJson",
          "inputs": {
            "content": "@outputs('Send_an_email_(V2)')",
            "schema": {
              "type": "object",
              "properties": {
                "statusCode": {
                  "type": "integer"
                },
                "headers": {
                  "type": "object",
                  "properties": {
                    "Cache-Control": {
                      "type": "string"
                    },
                    "Pragma": {
                      "type": "string"
                    },
                    "Set-Cookie": {
                      "type": "string"
                    },
                    "Strict-Transport-Security": {
                      "type": "string"
                    },
                    "x-ms-request-id": {
                      "type": "string"
                    },
                    "X-Content-Type-Options": {
                      "type": "string"
                    },
                    "X-Frame-Options": {
                      "type": "string"
                    },
                    "x-ms-environment-id": {
                      "type": "string"
                    },
                    "Timing-Allow-Origin": {
                      "type": "string"
                    },
                    "x-ms-apihub-cached-response": {
                      "type": "string"
                    },
                    "x-ms-apihub-obo": {
                      "type": "string"
                    },
                    "Date": {
                      "type": "string"
                    },
                    "Content-Length": {
                      "type": "string"
                    },
                    "Expires": {
                      "type": "string"
                    }
                  }
                }
              }
            }
          }
        },
        "Initialize_variable": {
          "runAfter": {},
          "metadata": {
            "operationMetadataId": "98d7b590-57bb-4270-a6bc-27fcb143c8f7"
          },
          "type": "InitializeVariable",
          "inputs": {
            "variables": [
              {
                "name": "EMailSent",
                "type": "string",
                "value": "no"
              }
            ]
          }
        }
      },
      "outputs": {}
    },
    "templateName": "c9cd2c4e691a4646adc8aa592c88489b"
  },
  "schemaVersion": "1.0.0.0"
}